ingredient_id,name,category_id,__norm,density_g_per_ml,grams_per_cup,grams_per_tbsp,grams_per_tsp,density_match_source
1,Chicken Breast,1,chicken breast,,,,,
2,Ground Beef,1,ground beef,,,,,
3,Salmon,1,salmon,,,,,
4,Eggs,1,eggs,,,,,
5,Tofu,1,tofu,,,,,
6,Black Beans,10,black beans,,,,,
7,Onion,2,onion,,,,,
8,Garlic,2,garlic,,,,,
9,Tomatoes,2,tomatoes,,,,,
10,Bell Peppers,2,bell peppers,,,,,
11,Carrots,2,carrots,,,,,
12,Broccoli,2,broccoli,,,,,
13,Lemon,3,lemon,1.0313287233502968,244,15.25,5.083333333333333,containmen
14,Lime,3,lime,1.0228752092244746,242,15.125,5.041666666666667,containmen
15,Apple,3,apple,1.0101949380357416,239,14.9375,4.979166666666667,containmen
16,Banana,3,banana,,,,,
17,Avocado,3,avocado,,,,,
18,Strawberries,3,strawberries,,,,,
19,Rice,4,rice,1.0101949380357416,239,14.9375,4.979166666666667,containmen
20,Pasta,4,pasta,,,,,
21,Bread,4,bread,,,,,
22,Quinoa,4,quinoa,,,,,
23,Oats,4,oats,,,,,
24,Flour,4,flour,,,,,
25,Milk,7,milk,1.035555480413208,245,15.3125,5.104166666666667,exact_norm
26,Cheese,7,cheese,,,,,
27,Butter,7,butter,0.9594738532808088,227,14.1875,4.729166666666667,exact_norm
28,Yogurt,7,yogurt,1.0144216950986524,240,15,5,exact_norm
29,Cream,7,cream,1.0144216950986524,240,15,5,containmen
30,Sour Cream,7,sour cream,0.972154124,230,14.375,4.791666666666667,exact_norm
31,Salt,6,salt,,,,,
32,Black Pepper,6,black pepper,,,,,
33,Paprika,6,paprika,,,,,
34,Cumin,6,cumin,,,,,
35,Oregano,6,oregano,,,,,
36,Basil,6,basil,,,,,
79,Turkey Breast,1,turkey breast,,,,,
80,Pork Tenderloin,1,pork tenderloin,,,,,
81,Shrimp,1,shrimp,,,,,
82,Crab Meat,1,crab meat,,,,,
83,Lamb Chops,1,lamb chops,,,,,
84,Duck Breast,1,duck breast,,,,,
85,Veal Cutlets,1,veal cutlets,,,,,
86,Venison,1,venison,,,,,
87,Bison,1,bison,,,,,
88,Quail,1,quail,,,,,
89,Rabbit,1,rabbit,,,,,
90,Lobster,1,lobster,,,,,
91,Mussels,1,mussels,,,,,
92,Clams,1,clams,,,,,
93,Bay Scallops,1,bay scallops,,,,,
94,Halibut,1,halibut,,,,,
95,Tuna,1,tuna,,,,,
96,Cod,1,cod,,,,,
97,Mahi Mahi,1,mahi mahi,,,,,
98,Swordfish,1,swordfish,,,,,
99,Trout,1,trout,,,,,
100,Bass,1,bass,,,,,
101,Sardines,1,sardines,,,,,
102,Anchovies,1,anchovies,,,,,
103,Caviar,1,caviar,,,,,
104,Prosciutto,1,prosciutto,,,,,
105,Pancetta,1,pancetta,,,,,
106,Bacon,1,bacon,,,,,
107,Sausage,1,sausage,,,,,
108,Pepperoni,1,pepperoni,,,,,
109,Salami,1,salami,,,,,
110,Chorizo,1,chorizo,,,,,
111,Andouille,1,andouille,,,,,
112,Kielbasa,1,kielbasa,,,,,
113,Bratwurst,1,bratwurst,,,,,
114,Hot Dogs,1,hot dogs,,,,,
115,Hamburger,1,hamburger,,,,,
116,Chicken Wings,1,chicken wings,,,,,
117,Chicken Thighs,1,chicken thighs,,,,,
118,Chicken Legs,1,chicken legs,,,,,
119,Whole Chicken,1,chicken,1.0144216950986524,240,15,5,containmen
120,Turkey,1,turkey,,,,,
121,Ham,1,ham,,,,,
122,Roast Beef,1,roast beef,,,,,
123,Corned Beef,1,corned beef,,,,,
124,Pastrami,1,pastrami,,,,,
125,Bologna,1,bologna,,,,,
126,Liver,1,liver,,,,,
127,Kidney,1,kidney,,,,,
128,Heart,1,heart,,,,,
129,Tongue,1,tongue,,,,,
130,Oxtail,1,oxtail,,,,,
131,Beef Shanks,1,beef shanks,,,,,
132,Short Ribs,1,short ribs,,,,,
133,Ribeye Steak,1,ribeye steak,,,,,
134,Sirloin Steak,1,sirloin steak,,,,,
135,Filet Mignon,1,filet mignon,,,,,
136,T-Bone Steak,1,t bone steak,,,,,
137,Porterhouse Steak,1,porterhouse steak,,,,,
138,New York Strip,1,new york strip,,,,,
139,Chuck Roast,1,chuck roast,,,,,
140,Brisket,1,brisket,,,,,
141,Tri-Tip,1,tri tip,,,,,
142,Flank Steak,1,flank steak,,,,,
143,Skirt Steak,1,skirt steak,,,,,
144,Hanger Steak,1,hanger steak,,,,,
145,Pork Chops,1,pork chops,,,,,
146,Pork Shoulder,1,pork shoulder,,,,,
147,Pork Butt,1,pork butt,,,,,
148,Spare Ribs,1,spare ribs,,,,,
149,Baby Back Ribs,1,baby back ribs,,,,,
150,Country Ribs,1,country ribs,,,,,
151,Ham Hocks,1,ham hocks,,,,,
152,Pork Belly,1,pork belly,,,,,
153,Lamb Leg,1,lamb leg,,,,,
154,Lamb Shoulder,1,lamb shoulder,,,,,
155,Lamb Rack,1,lamb rack,,,,,
156,Lamb Shank,1,lamb shank,,,,,
157,Goat Meat,1,goat meat,,,,,
158,Bison Steak,1,bison steak,,,,,
159,Elk,1,elk,,,,,
160,Wild Boar,1,wild boar,,,,,
161,Ostrich,1,ostrich,,,,,
162,Emu,1,emu,,,,,
163,Kangaroo,1,kangaroo,,,,,
164,Alligator,1,alligator,,,,,
165,Frog Legs,1,frog legs,,,,,
166,Snails,1,snails,,,,,
167,Octopus,1,octopus,,,,,
168,Squid,1,squid,,,,,
169,Cuttlefish,1,cuttlefish,,,,,
170,Sea Urchin,1,sea urchin,,,,,
171,Sea Cucumber,1,sea cucumber,,,,,
172,Jellyfish,1,jellyfish,,,,,
173,Seaweed,1,seaweed,,,,,
174,Nori,1,nori,,,,,
175,Kombu,1,kombu,,,,,
176,Wakame,1,wakame,,,,,
177,Dulse,1,dulse,,,,,
178,Irish Moss,2,irish moss,,,,,
179,Agar,1,agar,,,,,
180,Carrageenan,1,carrageenan,,,,,
181,Alginates,1,alginates,,,,,
182,Spirulina,1,spirulina,,,,,
183,Chlorella,1,chlorella,,,,,
184,Blue-Green Algae,1,blue green algae,,,,,
185,Kelp,1,kelp,,,,,
186,Hijiki,1,hijiki,,,,,
187,Arame,1,arame,,,,,
188,Mozuku,1,mozuku,,,,,
189,Ogo,1,ogo,,,,,
190,Gracilaria,1,gracilaria,,,,,
191,Porphyra,1,porphyra,,,,,
192,Palmaria,1,palmaria,,,,,
193,Chondrus,1,chondrus,,,,,
194,Mastocarpus,1,mastocarpus,,,,,
195,Gigartina,1,gigartina,,,,,
196,Hypnea,1,hypnea,,,,,
197,Eucheuma,1,eucheuma,,,,,
198,Kappaphycus,1,kappaphycus,,,,,
199,Betaphycus,1,betaphycus,,,,,
200,Sarcothalia,1,sarcothalia,,,,,
201,Mazzaella,1,mazzaella,,,,,
202,Iridaea,1,iridaea,,,,,
203,Callophyllis,1,callophyllis,,,,,
204,Rhodymenia,1,rhodymenia,,,,,
205,Pike,1,pike,,,,,
206,Perch,1,perch,,,,,
207,Walleye,1,walleye,,,,,
208,Bluegill,1,bluegill,,,,,
209,Catfish,1,catfish,,,,,
210,Carp,1,carp,,,,,
212,Muskellunge,1,muskellunge,,,,,
213,Northern Pike,1,northern pike,,,,,
214,Chain Pickerel,1,chain pickerel,,,,,
215,Redfin Pickerel,1,redfin pickerel,,,,,
216,Grass Pickerel,1,grass pickerel,,,,,
217,Tiger Muskie,1,tiger muskie,,,,,
218,Hybrid Striped Bass,1,hybrid striped bass,,,,,
219,White Bass,1,bass,,,,,
220,Yellow Bass,1,bass,,,,,
221,White Crappie,1,crappie,,,,,
222,Black Crappie,1,black crappie,,,,,
223,Rock Bass,1,rock bass,,,,,
224,Redear Sunfish,1,redear sunfish,,,,,
225,Green Sunfish,1,green sunfish,,,,,
226,Longear Sunfish,1,longear sunfish,,,,,
227,Pumpkinseed,1,pumpkinseed,,,,,
228,Redbreast Sunfish,1,redbreast sunfish,,,,,
229,Warmouth,1,warmouth,,,,,
230,Sacramento Perch,1,sacramento perch,,,,,
231,Tule Perch,1,tule perch,,,,,
232,Yellow Perch,1,perch,,,,,
233,European Perch,1,european perch,,,,,
234,Balkhash Perch,1,balkhash perch,,,,,
235,Volga Pikeperch,1,volga pikeperch,,,,,
236,Common Pikeperch,1,common pikeperch,,,,,
237,Ruffe,1,ruffe,,,,,
238,Zander,1,zander,,,,,
239,Sauger,1,sauger,,,,,
240,Sauger Pike,1,sauger pike,,,,,
241,Walleye Pike,1,walleye pike,,,,,
242,Yellow Walleye,1,walleye,,,,,
243,Blue Walleye,1,blue walleye,,,,,
244,Blue Pike,1,blue pike,,,,,
245,Blue Pikeperch,1,blue pikeperch,,,,,
246,Sand Pike,1,sand pike,,,,,
247,Sand Pikeperch,1,sand pikeperch,,,,,
248,Sand Walleye,1,sand walleye,,,,,
249,Sand Pickerel,1,sand pickerel,,,,,
250,Sand Bass,1,sand bass,,,,,
251,Sand Perch,1,sand perch,,,,,
252,Sand Crappie,1,sand crappie,,,,,
253,Sand Sunfish,1,sand sunfish,,,,,
254,Sand Bluegill,1,sand bluegill,,,,,
255,Sand Redear,1,sand redear,,,,,
256,Sand Green,1,sand green,,,,,
257,Sand Longear,1,sand longear,,,,,
258,Sand Pumpkinseed,1,sand pumpkinseed,,,,,
259,Sand Redbreast,1,sand redbreast,,,,,
260,Sand Warmouth,1,sand warmouth,,,,,
261,Sand Sacramento,1,sand sacramento,,,,,
262,Sand Tule,1,sand tule,,,,,
263,Sand Yellow,1,sand,,,,,
264,Sand European,1,sand european,,,,,
265,Sand Balkhash,1,sand balkhash,,,,,
266,Sand Volga,1,sand volga,,,,,
267,Sand Common,1,sand common,,,,,
268,Sand Ruffe,1,sand ruffe,,,,,
269,Sand Zander,1,sand zander,,,,,
270,Sand Sauger,1,sand sauger,,,,,
271,Sand Sauger Pike,1,sand sauger pike,,,,,
272,Sand Walleye Pike,1,sand walleye pike,,,,,
273,Sand Yellow Walleye,1,sand walleye,,,,,
274,Sand Blue Walleye,1,sand blue walleye,,,,,
275,Sand Blue Pike,1,sand blue pike,,,,,
276,Sand Blue Pikeperch,1,sand blue pikeperch,,,,,
277,Asiago,7,asiago,,,,,
278,Yakiniku Sauce,5,yakiniku sauce,,,,,
280,Chicken Stock,5,chicken stock,,,,,
281,Glutinous Rice Flour,4,glutinous rice flour,,,,,
282,Puff Pastry,4,puff pastry,,,,,
283,Herbes de Provence,6,herbes de provence,,,,,
284,Herring,1,herring,,,,,
285,Arzua-Ulloa,7,arzua ulloa,,,,,
286,Cottage Cheese,7,cottage cheese,,,,,
287,Beef Chuck,1,beef chuck,,,,,
288,Brown Sugar,8,brown sugar,,,,,
289,Blood Orange,3,blood orange,,,,,
290,Shortbread,4,shortbread,,,,,
291,Soppressata,1,soppressata,,,,,
292,Meyer Lemons,3,meyer lemons,,,,,
293,Canned Beans,10,beans,,,,,
294,Emmer Flour,4,emmer flour,,,,,
296,Chaource,7,chaource,,,,,
297,Romaine Lettuce,2,romaine lettuce,,,,,
299,Lingonberries,3,lingonberries,,,,,
300,Sweet Relish,12,sweet relish,,,,,
301,Cauliflower,2,cauliflower,,,,,
302,Almond Extract,8,almond extract,,,,,
303,Edible Glitter,8,edible glitter,,,,,
304,Vermicelli,4,vermicelli,,,,,
305,Beef Tenderloin,1,beef tenderloin,,,,,
306,Mulberries,3,mulberries,,,,,
307,Yellow Mustard,12,mustard,1.0566892657277631,250,15.625,5.208333333333333,exact_norm
308,Whipping Cream,7,whipping cream,,,,,
309,Tangerine,3,tangerine,,,,,
310,Barley,4,barley,,,,,
311,Greek Yogurt,7,yogurt,1.0144216950986524,240,15,5,exact_norm
312,Candied Orange Peel,3,candied orange peel,,,,,
314,Lao Gan Ma,6,lao gan ma,,,,,
315,Tamarind,3,tamarind,,,,,
316,Granulated Sugar,12,granulated sugar,,,,,
317,Pickle Relish,12,pickle relish,,,,,
318,Truffle Salt,6,truffle salt,,,,,
320,Tobasco Sauce,5,tobasco sauce,,,,,
321,Hondashi,6,hondashi,,,,,
322,Broccolini,2,broccolini,,,,,
323,Spaghetti,4,spaghetti,,,,,
324,Sourdough Starter,8,sourdough starter,,,,,
325,Spring Roll Wrappers,4,spring roll wrappers,,,,,
326,Fiore Sardo,7,fiore sardo,,,,,
327,Barley Grits,4,barley grits,,,,,
328,Napa Cabbage Kimchi,2,napa cabbage kimchi,,,,,
329,Maple Syrup,5,maple syrup,1.3610157742573588,322,20.125,6.708333333333333,exact_norm
330,Fenugreek,6,fenugreek,,,,,
332,Tomato Passata,5,tomato passata,1.141224406985984,270,16.875,5.625,fuzzy
333,Avocado Oil,9,avocado oil,,,,,
334,Amaranth,4,amaranth,,,,,
335,Rice Cakes,4,rice cakes,,,,,
336,Whole Wheat Bread,4,wheat bread,,,,,
338,Baking Soda,8,baking soda,,,,,
339,Macadamia Nuts,10,macadamia nuts,,,,,
340,Diastatic Malt,4,diastatic malt,,,,,
341,Brown Lentils,1,brown lentils,,,,,
342,Limburger,7,limburger,,,,,
343,Beef Tri-Tip,1,beef tri tip,,,,,
344,Plantain,3,plantain,,,,,
345,Toma,7,toma,1.141224406985984,270,16.875,5.625,containmen
346,Pappardelle,4,pappardelle,,,,,
347,Tahini,5,tahini,1.0820498081052294,256,16,5.333333333333333,exact_norm
348,Lime Juice,25,lime juice,1.0228752092244746,242,15.125,5.041666666666667,exact_norm
349,Radishes,2,radishes,,,,,
350,Pickled Jalapenos,2,pickled jalapenos,,,,,
351,Mascarpone,7,mascarpone,,,,,
352,Dorset Blue Vinney,7,dorset blue vinney,,,,,
353,Alfalfa Sprouts,2,alfalfa sprouts,,,,,
354,Fava Beans,10,fava beans,,,,,
355,Hazelnuts,10,hazelnuts,,,,,
356,Cavatelli,4,cavatelli,,,,,
357,Whey Protein,7,whey protein,,,,,
358,Black Currants,3,black currants,,,,,
359,Brioche Buns,4,brioche buns,,,,,
360,Iceberg Lettuce Hearts,2,iceberg lettuce hearts,,,,,
361,Vinegar,25,vinegar,1.0101949380357416,239,14.9375,4.979166666666667,exact_norm
362,Adobo Sauce,5,adobo sauce,,,,,
363,Emmental,7,emmental,,,,,
364,Ladyfingers,4,ladyfingers,,,,,
365,Sprinkles,8,sprinkles,,,,,
366,Cream of Tartar,6,cream of tartar,,,,,
367,Gelatin,8,gelatin,,,,,
368,Soy Sauce,5,soy sauce,1.0778230510423183,255,15.9375,5.3125,exact_norm
369,Barley Flour,4,barley flour,,,,,
370,Spinach,2,spinach,,,,,
371,Sake,25,sake,,,,,
372,Madras Paste,6,madras paste,,,,,
373,Collard Greens,2,collard greens,,,,,
375,Grapefruit,3,grapefruit,,,,,
376,Cardamom Powder,6,cardamom powder,,,,,
377,Jerk Seasoning,6,jerk seasoning,,,,,
378,Worcestershire Sauce,5,worcestershire sauce,,,,,
379,White Wine Vinegar,25,wine vinegar,1.0101949380357416,239,14.9375,4.979166666666667,containmen
380,Romanesco,2,romanesco,,,,,
381,Brioche,4,brioche,,,,,
382,Sushi Rice,4,sushi rice,,,,,
383,Self-Rising Flour,4,self rising flour,,,,,
384,Portobello Mushrooms,2,portobello mushrooms,,,,,
385,Dried Cranberries,3,dried cranberries,,,,,
386,Basmati Rice,4,basmati rice,,,,,
387,Kasseri,7,kasseri,,,,,
389,Ciabatta,4,ciabatta,,,,,
390,Arrowroot Powder,8,arrowroot powder,,,,,
391,Mizithra,7,mizithra,,,,,
392,Shallots,2,shallots,,,,,
393,Campanelle,4,campanelle,,,,,
394,Green Peas,10,green peas,,,,,
395,Couscous,4,couscous,,,,,
396,Goat Cheese,7,goat cheese,,,,,
397,Khorasan Wheat,4,khorasan wheat,,,,,
398,Savoy Cabbage,2,savoy cabbage,,,,,
399,Lasagna Noodles,4,lasagna noodles,,,,,
400,Canadian Bacon,1,canadian bacon,,,,,
401,Dijon Mustard,12,dijon mustard,1.0566892657277631,250,15.625,5.208333333333333,containmen
402,Mache,2,mache,,,,,
403,Sauerkraut,2,sauerkraut,,,,,
404,Jamon Serrano,1,jamon serrano,,,,,
406,Molasses,4,molasses,1.4370974013897575,340,21.25,7.083333333333333,exact_norm
407,Damson Plums,3,damson plums,,,,,
408,Tonkatsu Sauce,5,tonkatsu sauce,,,,,
409,Burrata,7,burrata,,,,,
410,French Breakfast Radishes,2,french breakfast radishes,,,,,
411,Brown Rice Flour,4,brown rice flour,,,,,
412,Dried Figs,3,dried figs,,,,,
413,Tilsit,7,tilsit,,,,,
414,Grenadine,25,grenadine,,,,,
416,Savory,6,savory,,,,,
417,Malt Vinegar,25,malt vinegar,1.0101949380357416,239,14.9375,4.979166666666667,containmen
418,Grape Tomatoes,2,grape tomatoes,,,,,
419,Remoulade,5,remoulade,,,,,
420,Chickpeas,10,chickpeas,,,,,
422,Turkey Sausage,1,turkey sausage,,,,,
423,Cinnamon,6,cinnamon,,,,,
424,Gala Apples,3,gala apples,,,,,
425,Pecorino Toscano,7,pecorino toscano,,,,,
426,White Truffle Oil,9,truffle oil,,,,,
427,Anchovy Sauce,5,anchovy sauce,,,,,
428,Daikon Radish,2,daikon radish,,,,,
429,Pollock,1,pollock,,,,,
430,Wild Rice,4,wild rice,,,,,
431,Tahini Sauce,5,tahini sauce,1.0820498081052294,256,16,5.333333333333333,containmen
432,Prosciutto di Parma,1,prosciutto di parma,,,,,
433,Arugula,2,arugula,,,,,
434,Graham Crackers,4,graham crackers,,,,,
435,Roule,7,roule,,,,,
436,Lomo Embuchado,1,lomo embuchado,,,,,
437,Beef Stew Meat,1,beef stew meat,,,,,
438,Pickled Cucumbers,2,pickled cucumbers,,,,,
439,Orange Blossom Water,5,orange blossom water,1,236.588,14.78675,4.928916666666667,containmen
440,Beef Ribeye,1,beef ribeye,,,,,
441,Pork Loin,1,pork loin,,,,,
442,Toasted Coconut,3,toasted coconut,,,,,
443,Broccoli Sprouts,2,broccoli sprouts,,,,,
444,Takoyaki Sauce,5,takoyaki sauce,,,,,
445,Ramen Noodles,4,ramen noodles,,,,,
446,Thai Yellow Curry Paste,6,thai curry paste,,,,,
447,Corn Flour,4,corn flour,,,,,
448,Breadcrumbs,4,breadcrumbs,,,,,
449,Brie,7,brie,,,,,
450,Brownie Mix,8,brownie mix,,,,,
451,Cake Flour,8,cake flour,,,,,
452,Valencay,7,valencay,,,,,
453,Evaporated Milk,7,evaporated milk,1.035555480413208,245,15.3125,5.104166666666667,containmen
454,Miso (White),6,miso,,,,,
455,Desiccated Coconut,3,desiccated coconut,,,,,
456,Pumpkin,2,pumpkin,,,,,
457,Garlic Paste,6,garlic paste,,,,,
458,Lavash,4,lavash,,,,,
459,Capers,2,capers,,,,,
460,Cherries,3,cherries,,,,,
461,Salted Butter,7,butter,0.9594738532808088,227,14.1875,4.729166666666667,exact_norm
462,Preserved Lemons,3,preserved lemons,,,,,
463,Pita Bread,4,pita bread,,,,,
464,Foie Gras,1,foie gras,,,,,
465,Rapini,2,rapini,,,,,
466,Mustard Seeds,6,mustard seeds,1.0566892657277631,250,15.625,5.208333333333333,containmen
467,Pineapple Rings,3,pineapple rings,,,,,
468,Cashew Butter,4,cashew butter,0.9594738532808088,227,14.1875,4.729166666666667,containmen
469,Borlotti Beans,10,borlotti beans,,,,,
470,Coriander Seeds,6,coriander seeds,,,,,
471,Ramps,2,ramps,,,,,
472,Medlar,3,medlar,,,,,
473,Fuji Apples,3,fuji apples,,,,,
474,Pickled Mustard Seeds,6,pickled mustard seeds,1.0566892657277631,250,15.625,5.208333333333333,containmen
475,Dried Cherries,3,dried cherries,,,,,
476,Madras Curry Powder,6,madras curry powder,,,,,
477,Wensleydale,7,wensleydale,,,,,
478,Plain Yogurt,7,yogurt,1.0144216950986524,240,15,5,exact_norm
479,Kosher Salt,6,kosher salt,,,,,
480,Sesame Oil,9,sesame oil,0.9214330397146094,218,13.625,4.541666666666667,exact_norm
481,Baby Kale,2,baby kale,,,,,
482,2% Milk,7,2 milk,1.035555480413208,245,15.3125,5.104166666666667,containmen
483,Skim Milk,7,milk,1.035555480413208,245,15.3125,5.104166666666667,exact_norm
485,Smoked Paprika,6,smoked paprika,,,,,
486,Slivered Almonds,10,slivered almonds,,,,,
487,Chives,2,chives,,,,,
488,Dark Brown Sugar,8,dark brown sugar,,,,,
489,Madeleine Cookies,4,madeleine cookies,,,,,
490,Rotini,4,rotini,,,,,
491,Massaman Curry Paste,6,massaman curry paste,,,,,
493,Acorn Squash,2,acorn squash,,,,,
494,Pork Ribs,1,pork ribs,,,,,
495,Berbere,6,berbere,,,,,
496,BBQ Rub,6,bbq rub,,,,,
497,Breadcrumbs Panko,4,breadcrumbs panko,,,,,
498,Golden Delicious Apples,3,golden delicious apples,,,,,
499,Smoked Salmon,1,smoked salmon,,,,,
500,Rice Flour,4,rice flour,,,,,
501,Roasted Garlic,2,roasted garlic,,,,,
502,Loganberries,3,loganberries,,,,,
503,Semolina Flour,4,semolina flour,,,,,
504,Gentleman's Relish,6,gentlemans relish,,,,,
505,Nam Prik Pao,6,nam prik pao,,,,,
506,Mascarpone Cream,7,mascarpone cream,,,,,
507,Garlic Powder,6,garlic powder,,,,,
508,Togarashi,6,togarashi,,,,,
509,Tetilla,7,tetilla,,,,,
510,Gruyere Reserve,7,gruyere reserve,,,,,
511,Mortadella Bologna,1,mortadella bologna,,,,,
512,Garganelli,4,garganelli,,,,,
513,Brown Gravy Mix,5,brown gravy mix,,,,,
514,Millet,4,millet,,,,,
515,Canned Chickpeas,10,chickpeas,,,,,
517,Mackerel,1,mackerel,,,,,
518,Panko Breadcrumbs,4,panko breadcrumbs,,,,,
519,Beef Oxtail,1,beef oxtail,,,,,
521,Oyster Mushrooms,2,oyster mushrooms,,,,,
522,Horseradish Sauce,5,horseradish sauce,,,,,
523,White Cheddar,7,cheddar,,,,,
524,Rice Cereal,4,rice cereal,,,,,
525,Sultanas,3,sultanas,,,,,
526,Hake,1,hake,,,,,
527,Turnips,2,turnips,,,,,
528,Canned Pineapple,3,pineapple,,,,,
529,Cayenne Pepper,6,cayenne pepper,,,,,
530,Passion Fruit,3,passion fruit,,,,,
531,Baking Emulsion,8,baking emulsion,,,,,
532,Trofie,4,trofie,,,,,
533,Everything Bagel Seasoning,6,everything bagel seasoning,,,,,
534,Speck,1,speck,,,,,
535,Textured Vegetable Protein,1,textured vegetable protein,,,,,
537,Buckwheat Flour,4,buckwheat flour,,,,,
538,Toasted Sesame Oil,9,toasted sesame oil,0.9214330397146094,218,13.625,4.541666666666667,containmen
539,Microgreens,2,microgreens,,,,,
540,Chickpea Flour,4,chickpea flour,,,,,
541,Malloreddus,4,malloreddus,,,,,
542,Coconut,3,coconut,1.0144216950986524,240,15,5,containmen
543,Skyr,7,skyr,,,,,
544,Kefalograviera,7,kefalograviera,,,,,
545,Strozzapreti,4,strozzapreti,,,,,
546,Active Dry Yeast,8,active dry yeast,,,,,
547,Halloumi Grill Cheese,7,halloumi grill cheese,,,,,
548,White Pepper,6,pepper,,,,,
549,Ziti,4,ziti,,,,,
550,Sharp Cheddar,7,sharp cheddar,,,,,
551,Wasabi Root,2,wasabi root,,,,,
552,Caster Sugar,8,caster sugar,,,,,
553,Pear Nectar,3,pear nectar,,,,,
555,Whiting,1,whiting,,,,,
556,Soft Pretzel Buns,4,soft pretzel buns,,,,,
557,Chili Crisp,6,chili crisp,,,,,
558,American Cheese,7,american cheese,,,,,
559,Bartlett Pears,3,bartlett pears,,,,,
560,Red Bell Peppers,2,bell peppers,,,,,
561,Teriyaki Sauce,5,teriyaki sauce,,,,,
562,Tripe,1,tripe,,,,,
563,Wheat Bran,4,wheat bran,,,,,
564,Macaroni,4,macaroni,,,,,
565,Ras el Hanout,6,ras el hanout,,,,,
566,Chinese Five-Spice,6,chinese five spice,,,,,
567,Dry Vermouth,25,dry vermouth,,,,,
568,Spaghetti Squash,2,spaghetti squash,,,,,
569,Heirloom Tomatoes,2,heirloom tomatoes,,,,,
570,Doenjang,6,doenjang,,,,,
571,Doubanjiang,6,doubanjiang,,,,,
572,Fig,3,fig,,,,,
573,Ground Turkey,1,ground turkey,,,,,
574,Beets,2,beets,,,,,
575,Frisee,2,frisee,,,,,
576,Apricot,3,apricot,,,,,
577,Saint-Nectaire,7,saint nectaire,,,,,
578,Crescenza,7,crescenza,,,,,
579,Baby Corn,2,baby corn,,,,,
580,Parsnips,2,parsnips,,,,,
581,Liquid Smoke,6,liquid smoke,,,,,
582,Wild Mushrooms,2,wild mushrooms,,,,,
583,Mahon-Menorca,7,mahon menorca,,,,,
584,Quinoa Flakes,4,quinoa flakes,,,,,
585,Kale,2,kale,,,,,
586,Date Sugar,8,date sugar,,,,,
587,Baking Powder,8,baking powder,,,,,
588,Red Currants,3,currants,,,,,
591,Challah,4,challah,,,,,
592,Leeks,2,leeks,,,,,
593,Soda Bread,4,soda bread,,,,,
594,Durum Wheat Semolina,4,durum wheat semolina,,,,,
595,Beaufort,7,beaufort,,,,,
597,Sherry Vinegar,25,sherry vinegar,1.0101949380357416,239,14.9375,4.979166666666667,containmen
598,Canned Lentils,10,lentils,,,,,
599,Bay Leaves,6,bay leaves,,,,,
600,Mango,3,mango,,,,,
601,Orange,3,orange,1.048235751601941,248,15.5,5.166666666666667,containmen
602,Baby Eggplant,2,baby eggplant,,,,,
603,Butter Beans,10,butter beans,0.9594738532808088,227,14.1875,4.729166666666667,containmen
604,Snow Peas,2,snow peas,,,,,
605,Black Truffle Oil,9,black truffle oil,,,,,
606,Raspberry Jam,3,raspberry jam,,,,,
607,Sage,6,sage,,,,,
608,Sweet Rice Flour,4,sweet rice flour,,,,,
609,Tartar Sauce,5,tartar sauce,,,,,
610,Pastina,4,pastina,,,,,
612,Nigella Seeds,6,nigella seeds,,,,,
613,Stewed Pears,3,stewed pears,,,,,
614,Aleppo Pepper,2,aleppo pepper,,,,,
615,Farro,4,farro,,,,,
616,Chipotle Powder,6,chipotle powder,,,,,
617,Conchiglie,4,conchiglie,,,,,
618,Scotch Bonnet Sauce,5,scotch bonnet sauce,,,,,
619,Beef Flank,1,beef flank,,,,,
620,Double Gloucester,7,double gloucester,,,,,
622,Ricotta Affumicata,7,ricotta affumicata,,,,,
623,Tiger Nut Flour,4,tiger nut flour,,,,,
624,Celery,2,celery,,,,,
626,Agar Agar,4,agar agar,,,,,
627,Parmesan Cheese,7,parmesan cheese,,,,,
628,Phyllo Dough,8,phyllo dough,,,,,
629,Tomatillo Salsa,5,tomatillo salsa,,,,,
630,Herring Fillets,1,herring fillets,,,,,
631,Mace,6,mace,,,,,
632,Manchego,7,manchego,,,,,
633,Udon Noodles,4,udon noodles,,,,,
634,Sunflower Oil,9,sunflower oil,,,,,
635,Baked Apples,3,baked apples,,,,,
636,Olives,2,olives,,,,,
637,Camembert,7,camembert,,,,,
638,Potatoes,2,potatoes,,,,,
639,Requeson,7,requeson,,,,,
640,Squacquerone,7,squacquerone,,,,,
641,Cassia,6,cassia,,,,,
642,Gorgonzola,7,gorgonzola,,,,,
643,Red Onions,2,onions,,,,,
644,Granulated Garlic,6,granulated garlic,,,,,
645,Poultry Seasoning,6,poultry seasoning,,,,,
646,Agave Nectar,8,agave nectar,,,,,
647,Self-Rising Cornmeal,4,self rising cornmeal,,,,,
648,Raisins,3,raisins,,,,,
649,Rye Bread,4,rye bread,,,,,
650,Tzatziki,5,tzatziki,,,,,
651,Za'atar,6,zaatar,,,,,
652,Olive Oil,9,olive oil,0.9129795255887873,216,13.5,4.5,exact_norm
653,Brillat-Savarin,7,brillat savarin,,,,,
654,Granulated Onion,6,granulated onion,,,,,
655,Ossau-Iraty,7,ossau iraty,,,,,
656,Onion Salt,6,onion salt,,,,,
657,Vidalia Onions,2,vidalia onions,,,,,
658,Navy Beans,10,navy beans,,,,,
659,Blue Cheese,7,blue cheese,,,,,
660,Okra,2,okra,,,,,
661,Shortening,9,shortening,,,,,
662,Nectarine,3,nectarine,,,,,
663,Sweet Potatoes,2,sweet potatoes,,,,,
664,Dried Apricots,3,dried apricots,,,,,
665,Beef Short Ribs,1,beef short ribs,,,,,
666,Red Leicester,7,leicester,,,,,
667,Tomato Paste,2,tomato paste,1.141224406985984,270,16.875,5.625,exact_norm
668,Malt Powder,4,malt powder,,,,,
669,Roncal,7,roncal,,,,,
670,Orange Bell Peppers,2,orange bell peppers,,,,,
671,Fusilli,4,fusilli,,,,,
672,Dark Chocolate,8,dark chocolate,,,,,
673,Herb Mix,2,herb mix,,,,,
674,Gooseberries,3,gooseberries,,,,,
675,Cancoillotte,7,cancoillotte,,,,,
676,Cauliflower Rice,2,cauliflower rice,,,,,
677,Jalapeno,2,jalapeno,,,,,
678,Cranberry Sauce,3,cranberry sauce,,,,,
679,Mirabelle Plums,3,mirabelle plums,,,,,
680,Soba Flour,4,soba flour,,,,,
681,Cucumber,2,cucumber,,,,,
682,Puff Pastry Sheets,8,puff pastry sheets,,,,,
683,Celery Seed,6,celery seed,,,,,
684,Stracchino,7,stracchino,,,,,
685,Nori Sheets,2,nori sheets,,,,,
686,Farfalle,4,farfalle,,,,,
687,Goose,1,goose,,,,,
688,Penne,4,penne,,,,,
689,Bean Sprouts,2,bean sprouts,,,,,
690,Jaggery,4,jaggery,,,,,
691,Maggi Seasoning,6,maggi seasoning,,,,,
692,Dark Corn Syrup,8,dark corn syrup,1.386376316634825,328,20.5,6.833333333333333,containmen
693,Salsa Roja,5,salsa roja,,,,,
694,Pork Sausage,1,pork sausage,,,,,
695,White Peach,3,peach,,,,,
696,Sweet Onions,2,sweet onions,,,,,
697,English Peas,2,english peas,,,,,
698,Rose Water,5,rose water,1,236.588,14.78675,4.928916666666667,containmen
699,Royal Icing,8,royal icing,,,,,
700,Bok Choy,2,bok choy,,,,,
701,Bone Broth,5,bone broth,,,,,
702,Taleggio,7,taleggio,,,,,
703,Granny Smith Apples,3,granny smith apples,,,,,
704,Green Lentils,10,green lentils,,,,,
705,Dates,3,dates,,,,,
706,Chocolate Chips,8,chocolate chips,,,,,
707,Chia Seeds,4,chia seeds,,,,,
708,Onion Gravy,5,onion gravy,,,,,
709,Balsamic Vinegar,25,balsamic vinegar,1.0101949380357416,239,14.9375,4.979166666666667,containmen
711,Stracciatella,7,stracciatella,,,,,
712,Dill,6,dill,,,,,
713,Fingerling Potatoes,2,fingerling potatoes,,,,,
715,Monkfish,1,monkfish,,,,,
716,Queso Fresco,7,queso fresco,,,,,
717,Braeburn Apples,3,braeburn apples,,,,,
718,Muesli,4,muesli,,,,,
719,Rice Wine,25,rice wine,0.9932879097840972,235,14.6875,4.895833333333333,containmen
720,Chicken Liver,1,chicken liver,,,,,
721,Lemongrass,6,lemongrass,,,,,
722,Pepperoncini,2,pepperoncini,,,,,
723,Old Bay Seasoning,6,old bay seasoning,,,,,
724,Celeriac,2,celeriac,,,,,
725,Hot Sauce,5,hot sauce,,,,,
726,Yuzu,3,yuzu,,,,,
727,Feta,7,feta,,,,,
728,Crottin de Chavignol,7,crottin de chavignol,,,,,
729,Baking Chocolate,8,baking chocolate,,,,,
730,Eel,1,eel,,,,,
731,Ravioli,4,ravioli,,,,,
732,Cockles,1,cockles,,,,,
733,Pizza Dough,4,pizza dough,,,,,
734,Bouillon Cubes,5,bouillon cubes,,,,,
735,Pine Nuts,10,pine nuts,,,,,
736,Boysenberries,3,boysenberries,,,,,
737,Pinto Beans,10,pinto beans,,,,,
738,Pecorino Sardo,7,pecorino sardo,,,,,
739,Marjoram,6,marjoram,,,,,
740,Pickled Onions,2,pickled onions,,,,,
741,Flat Nectarine,3,flat nectarine,,,,,
742,Liquid Pectin,8,liquid pectin,,,,,
743,Endive,2,endive,,,,,
744,Arborio Rice,4,arborio rice,,,,,
745,Red Delicious Apples,3,delicious apples,,,,,
746,Strawberry Jam,3,strawberry jam,,,,,
747,Hearts of Palm,2,hearts of palm,,,,,
748,Canned Tomatoes,2,tomatoes,,,,,
749,Spelt Flour,4,spelt flour,,,,,
750,Greengage Plums,3,greengage plums,,,,,
751,Cabbage,2,cabbage,,,,,
752,Purple Kale,2,purple kale,,,,,
753,Fermented Garlic,2,fermented garlic,,,,,
754,Panang Curry Paste,6,panang curry paste,,,,,
755,Hot Dog Buns,4,hot dog buns,,,,,
756,Fettuccine,4,fettuccine,,,,,
757,Ginger Paste,6,ginger paste,,,,,
759,Vanilla Extract,8,vanilla extract,,,,,
760,Fish Sauce,5,fish sauce,1.065142779853585,252,15.75,5.25,exact_norm
761,Coconut Milk,3,coconut milk,0.9552470962178978,226,14.125,4.708333333333333,exact_norm
762,Urfa Biber,6,urfa biber,,,,,
763,Pistachios,10,pistachios,,,,,
764,Provola,7,provola,,,,,
765,Thai Green Curry Paste,6,thai green curry paste,,,,,
766,Pearl Onions,2,pearl onions,,,,,
767,Kohlrabi,2,kohlrabi,,,,,
768,Prunes,3,prunes,,,,,
769,Tagliatelle,4,tagliatelle,,,,,
770,Ugli Fruit,3,ugli fruit,,,,,
771,Split Peas,10,split peas,,,,,
772,Grana Padano,7,grana padano,,,,,
773,Robiola,7,robiola,,,,,
774,Golden Raisins,3,golden raisins,,,,,
775,Requeijao,7,requeijao,,,,,
776,Pecorino Siciliano,7,pecorino siciliano,,,,,
777,Pumpkin Seeds,10,pumpkin seeds,,,,,
778,Light Corn Syrup,8,corn syrup,1.386376316634825,328,20.5,6.833333333333333,exact_norm
779,Sloe Berries,3,sloe berries,,,,,
780,Gamonedo,7,gamonedo,,,,,
781,BBQ Sauce,12,bbq sauce,,,,,
782,Dragon Fruit,3,dragon fruit,,,,,
783,Blackberries,3,blackberries,,,,,
784,Unsalted Butter,7,butter,0.9594738532808088,227,14.1875,4.729166666666667,exact_norm
785,Plaice,1,plaice,,,,,
786,Cooking Sherry,25,cooking sherry,,,,,
787,Seasoned Salt,6,seasoned salt,,,,,
788,Fromage Frais,7,fromage frais,,,,,
789,Cremini Mushrooms,2,cremini mushrooms,,,,,
790,Donut Peach,3,donut peach,,,,,
791,Coolea,7,coolea,,,,,
792,Ground Cumin,6,ground cumin,,,,,
793,Truffle Oil,9,truffle oil,,,,,
794,Smoked Salt,6,smoked salt,,,,,
796,Acini di Pepe,4,acini di pepe,,,,,
797,Capicola,1,capicola,,,,,
798,Green Salsa,5,green salsa,,,,,
799,Garlic Salt,6,garlic salt,,,,,
800,Fire-Roasted Tomatoes,2,fire roasted tomatoes,,,,,
801,Onion Powder,6,onion powder,,,,,
802,Chimichurri,5,chimichurri,,,,,
803,Plum,3,plum,,,,,
804,Potato Starch,4,potato starch,,,,,
805,Morel Mushrooms,2,morel mushrooms,,,,,
806,Black-Eyed Peas,10,black eyed peas,,,,,
807,Yams,2,yams,,,,,
808,Peri-Peri Sauce,5,peri peri sauce,,,,,
809,Pomegranate Molasses,8,pomegranate molasses,1.4370974013897575,340,21.25,7.083333333333333,containmen
810,Hot Paprika,6,hot paprika,,,,,
811,Rosemary,6,rosemary,,,,,
812,Caciocavallo,7,caciocavallo,,,,,
813,Cornish Yarg,7,cornish yarg,,,,,
814,Mandarin,3,mandarin,,,,,
815,Pizza Sauce,5,pizza sauce,,,,,
816,Glass Noodles,4,glass noodles,,,,,
817,Seaweed Salad,2,seaweed salad,,,,,
818,Japanese Eggplant,2,japanese eggplant,,,,,
819,Yuzu Kosho,6,yuzu kosho,,,,,
820,Lemon Marmalade,3,lemon marmalade,,,,,
821,Caramelized Onions,2,caramelized onions,,,,,
822,Cabrales,7,cabrales,,,,,
823,Light Cream,7,cream,1.0144216950986524,240,15,5,containmen
824,Pineapple Chunks,3,pineapple chunks,,,,,
825,Neufchatel,7,neufchatel,,,,,
826,Instant Polenta,4,instant polenta,,,,,
827,Spanish Onions,2,spanish onions,,,,,
828,White Vinegar,25,vinegar,1.0101949380357416,239,14.9375,4.979166666666667,exact_norm
829,Kefalotyri,7,kefalotyri,,,,,
830,Apricot Jam,3,apricot jam,,,,,
831,Sun-Dried Tomatoes in Oil,2,sun dried tomatoes in oil,,,,,
832,Salsa Verde,5,salsa verde,,,,,
833,Turmeric,6,turmeric,,,,,
834,Bluefish,1,bluefish,,,,,
835,Poppy Seeds,10,poppy seeds,,,,,
836,Vegetable Stock,5,vegetable stock,1.0144216950986524,240,15,5,fuzzy
837,Focaccia,4,focaccia,,,,,
838,Sambal Oelek,6,sambal oelek,,,,,
839,Comice Pears,3,comice pears,,,,,
840,Shiitake Mushrooms,2,shiitake mushrooms,,,,,
841,Edam,7,edam,,,,,
842,Fruit Pectin,8,fruit pectin,,,,,
844,Barley Malt Syrup,5,barley malt syrup,,,,,
845,Phyllo Sheets,8,phyllo sheets,,,,,
846,Radicchio,2,radicchio,,,,,
847,Harissa Paste,6,harissa paste,,,,,
848,Monterey Jack,7,monterey jack,,,,,
849,Mint,6,mint,,,,,
850,Pie Crust,8,pie crust,,,,,
851,Polenta,4,polenta,,,,,
852,Caraway Seeds,6,caraway seeds,,,,,
853,Persimmon,3,persimmon,,,,,
854,00 Flour,4,00 flour,,,,,
855,Beef Tallow,9,beef tallow,,,,,
856,Pasta Shells,4,pasta shells,,,,,
857,Sweet Paprika,6,sweet paprika,,,,,
858,Red Miso Paste,6,miso paste,,,,,
859,Sumac,6,sumac,,,,,
860,Orange Extract,8,orange extract,,,,,
862,Pomegranate,3,pomegranate,,,,,
863,Coconut Oil,9,coconut oil,0.9214330397146094,218,13.625,4.541666666666667,exact_norm
864,Rambutan,3,rambutan,,,,,
865,Ricotta,7,ricotta,,,,,
866,Honeydew,3,honeydew,1.4370974013897575,340,21.25,7.083333333333333,containmen
867,Italian Parsley,6,italian parsley,,,,,
869,Grapeseed Oil,9,grapeseed oil,,,,,
870,Cranberries,3,cranberries,,,,,
871,Tomato Paste Tube,5,tomato paste tube,1.141224406985984,270,16.875,5.625,containmen
872,Mushrooms,2,mushrooms,,,,,
874,Single Cream,7,single cream,,,,,
875,Banana Peppers,2,banana peppers,,,,,
876,Thai Eggplant,2,thai eggplant,,,,,
877,Cantaloupe,3,cantaloupe,,,,,
878,Jasmine Rice,4,jasmine rice,,,,,
879,Porcini Mushrooms,2,porcini mushrooms,,,,,
880,Roasted Red Peppers,2,roasted peppers,,,,,
881,Freekeh,4,freekeh,,,,,
883,Kumquats,3,kumquats,,,,,
884,Andouille Sausage,1,andouille sausage,,,,,
885,Provolone,7,provolone,,,,,
886,Heavy Cream,7,heavy cream,1.0059681809728305,238,14.875,4.958333333333333,exact_norm
887,Duck Fat,9,duck fat,,,,,
888,Blue Plum,3,blue plum,,,,,
889,Pear,3,pear,,,,,
890,Butternut Squash,2,butternut squash,0.9594738532808088,227,14.1875,4.729166666666667,containmen
892,Yellow Plum,3,plum,,,,,
893,Zucchini,2,zucchini,,,,,
894,Brussels Sprouts,2,brussels sprouts,,,,,
895,Pesto,9,pesto,,,,,
896,Gochujang,6,gochujang,,,,,
897,Pont-l'Eveque,7,pont leveque,,,,,
898,Flaxseed,10,flaxseed,,,,,
899,Gochugaru,6,gochugaru,,,,,
900,Guanciale,1,guanciale,,,,,
901,Canola Oil,9,canola oil,0.9214330397146094,218,13.625,4.541666666666667,exact_norm
902,Sun-Dried Tomato Pesto,5,sun dried tomato pesto,,,,,
903,Pink Lady Apples,3,pink lady apples,,,,,
904,Mirin,25,mirin,,,,,
905,Asian Pears,3,asian pears,,,,,
906,Marinated Artichokes,2,marinated artichokes,,,,,
907,Mortadella,1,mortadella,,,,,
908,Anchovy Fillets,1,anchovy fillets,,,,,
909,Fourme d'Ambert,7,fourme dambert,,,,,
910,Coppa,1,coppa,,,,,
911,Peanuts,10,peanuts,,,,,
912,Cake Mix,4,cake mix,,,,,
913,Curry Powder,6,curry powder,,,,,
915,Cashews,10,cashews,,,,,
916,Porchetta,1,porchetta,,,,,
917,Cream Cheese,7,cream cheese,,,,,
918,Okonomiyaki Sauce,5,okonomiyaki sauce,,,,,
919,Asiago Pressato,7,asiago pressato,,,,,
920,Gouda,7,gouda,,,,,
921,All-Purpose Flour,4,all purpose flour,,,,,
922,Candied Pecans,10,candied pecans,,,,,
923,Coconut Flour,4,coconut flour,,,,,
924,Habanero Sauce,5,habanero sauce,,,,,
925,Cassava,2,cassava,,,,,
926,Periwinkles,1,periwinkles,,,,,
927,Peach,3,peach,,,,,
928,Queso Manchego Curado,7,queso manchego curado,,,,,
929,Ground Lamb,1,ground lamb,,,,,
930,Pickled Beets,2,pickled beets,,,,,
931,Havarti,7,havarti,,,,,
932,Fondant,8,fondant,,,,,
933,Seitan,1,seitan,,,,,
934,Haddock,1,haddock,,,,,
935,Cheddar,7,cheddar,,,,,
936,Yakitori Sauce,5,yakitori sauce,,,,,
937,Rolled Oats,4,rolled oats,,,,,
938,Tarragon,6,tarragon,,,,,
939,Hamburger Buns,4,hamburger buns,,,,,
940,Corn,2,corn,1.386376316634825,328,20.5,6.833333333333333,containmen
941,Lychee,3,lychee,,,,,
942,Serrano Peppers,2,serrano peppers,,,,,
943,Couscous Pearl,4,couscous pearl,,,,,
944,Confit Garlic,2,confit garlic,,,,,
945,Garden Peas,2,garden peas,,,,,
946,Swiss Chard,2,swiss chard,,,,,
947,Ricotta Salata,7,ricotta salata,,,,,
948,Bresaola,1,bresaola,,,,,
949,Pickled Herring,1,pickled herring,,,,,
950,Lotus Root,2,lotus root,,,,,
951,Sweetbreads,1,sweetbreads,,,,,
952,Lardo,9,lardo,,,,,
953,Garlic Cloves,2,garlic cloves,,,,,
954,Red Cooking Wine,25,cooking wine,0.9932879097840972,235,14.6875,4.895833333333333,containmen
956,Mild Cheddar,7,mild cheddar,,,,,
957,Champagne Vinegar,25,champagne vinegar,1.0101949380357416,239,14.9375,4.979166666666667,containmen
958,Shirataki Noodles,4,shirataki noodles,,,,,
959,Baby Zucchini,2,baby zucchini,,,,,
960,Pecans,10,pecans,,,,,
961,Bread and Butter Pickles,12,bread and butter pickles,0.9594738532808088,227,14.1875,4.729166666666667,containmen
962,Black Garlic,6,black garlic,,,,,
963,Maitake Mushrooms,2,maitake mushrooms,,,,,
964,Cloudberries,3,cloudberries,,,,,
965,Cherry Belle Radishes,2,cherry belle radishes,,,,,
966,Miso Paste,6,miso paste,,,,,
967,Watermelon,3,watermelon,1,236.588,14.78675,4.928916666666667,containmen
968,Fajita Seasoning,6,fajita seasoning,,,,,
969,Ground Mustard,12,ground mustard,1.0566892657277631,250,15.625,5.208333333333333,containmen
970,Steel-Cut Oats,4,steel cut oats,,,,,
971,Mayonnaise,12,mayonnaise,0.9298865538404316,220,13.75,4.583333333333333,exact_norm
972,Cocoa Nibs,8,cocoa nibs,,,,,
974,Pheasant,1,pheasant,,,,,
975,Sesame Seeds,10,sesame seeds,,,,,
976,Kamut Flour,4,kamut flour,,,,,
977,Queso Oaxaca,7,queso oaxaca,,,,,
978,Duck Legs,1,duck legs,,,,,
980,Thyme,6,thyme,,,,,
981,White Rice,4,rice,1.0101949380357416,239,14.9375,4.979166666666667,containmen
982,Roasted Red Onions,2,roasted onions,,,,,
983,Marzipan,4,marzipan,,,,,
984,Pico de Gallo,5,pico de gallo,,,,,
985,Whelks,1,whelks,,,,,
986,Kefir,7,kefir,,,,,
987,Hoisin Sauce,5,hoisin sauce,,,,,
988,Rainbow Carrots,2,rainbow carrots,,,,,
989,XO Sauce,5,xo sauce,1.0778230510423183,255,15.9375,5.3125,fuzzy
990,Apple Pie Spice,6,apple pie spice,,,,,
991,Tomme de Savoie,7,tomme de savoie,,,,,
992,Sunchokes,2,sunchokes,,,,,
993,Port Salut,7,port salut,,,,,
994,Honey,12,honey,1.4370974013897575,340,21.25,7.083333333333333,exact_norm
995,Granola,4,granola,,,,,
996,Stilton,7,stilton,,,,,
997,Anise Extract,8,anise extract,,,,,
998,Fior di Latte,7,fior di latte,,,,,
999,Great Northern Beans,10,great northern beans,,,,,
1000,Einkorn Flour,4,einkorn flour,,,,,
1002,Cavatappi,4,cavatappi,,,,,
1003,Ardrahan,7,ardrahan,,,,,
1004,Jarlsberg,7,jarlsberg,,,,,
1005,Wheat Germ,4,wheat germ,,,,,
1006,Turbot,1,turbot,,,,,
1007,Apple Sauce,3,apple sauce,,,,,
1008,Garlic Scapes,2,garlic scapes,,,,,
1009,Green Peppercorns,6,green peppercorns,,,,,
1010,Dashi Granules,5,dashi granules,,,,,
1011,Casarecce,4,casarecce,,,,,
1012,Caper Berries,10,caper berries,,,,,
1013,Asparagus,2,asparagus,,,,,
1014,Cannellini Beans,10,cannellini beans,,,,,
1015,Crackers,4,crackers,,,,,
1016,Rice Vinegar,25,rice vinegar,1.0101949380357416,239,14.9375,4.979166666666667,containmen
1017,Whole Milk,7,milk,1.035555480413208,245,15.3125,5.104166666666667,exact_norm
1018,Shichimi Togarashi,6,shichimi togarashi,,,,,
1019,Naan,4,naan,,,,,
1020,Linguine,4,linguine,,,,,
1021,Comte,7,comte,,,,,
1022,Romesco,5,romesco,,,,,
1024,Banana Peppers Rings,2,banana peppers rings,,,,,
1025,Nashville Hot Seasoning,6,nashville hot seasoning,,,,,
1026,Walnuts,10,walnuts,,,,,
1027,Multigrain Bread,4,multigrain bread,,,,,
1028,Vindaloo Paste,6,vindaloo paste,,,,,
1029,Sun-Dried Tomatoes,2,sun dried tomatoes,,,,,
1030,Green Cabbage,2,green cabbage,,,,,
1031,Butter Ghee,9,butter ghee,0.9594738532808088,227,14.1875,4.729166666666667,containmen
1032,Mixed Greens,2,mixed greens,,,,,
1033,Orecchiette,4,orecchiette,,,,,
1034,Reblochon,7,reblochon,,,,,
1035,Canned Corn,2,corn,1.386376316634825,328,20.5,6.833333333333333,containmen
1036,Caerphilly,7,caerphilly,,,,,
1037,Saffron,6,saffron,,,,,
1038,Fennel Seeds,6,fennel seeds,,,,,
1039,Crushed Red Pepper,6,crushed pepper,,,,,
1040,Black Trumpet Mushrooms,2,black trumpet mushrooms,,,,,
1041,Demerara Sugar,8,demerara sugar,,,,,
1042,Orgeat Syrup,5,orgeat syrup,,,,,
1043,Zante Currants,3,zante currants,,,,,
1044,Chicken Drumsticks,1,chicken drumsticks,,,,,
1045,Provolone Valpadana,7,provolone valpadana,,,,,
1046,Russet Potatoes,2,russet potatoes,,,,,
1047,Marmite,6,marmite,,,,,
1048,Munster,7,munster,,,,,
1049,Anaheim Peppers,2,anaheim peppers,,,,,
1050,Rigatoni,4,rigatoni,,,,,
1051,Pumpkin Pie Spice,6,pumpkin pie spice,,,,,
1052,Louisiana Hot Sauce,6,louisiana hot sauce,,,,,
1053,Red Potatoes,2,potatoes,,,,,
1054,Spring Onions,2,spring onions,,,,,
1055,Whole-Grain Mustard,12,grain mustard,1.0566892657277631,250,15.625,5.208333333333333,containmen
1056,Paneer,1,paneer,,,,,
1057,Beef Sirloin,1,beef sirloin,,,,,
1058,Sliced Almonds,10,sliced almonds,,,,,
1059,Food Coloring Gel,8,food coloring gel,,,,,
1060,Double Cream,7,double cream,,,,,
1061,Red Wine Vinegar,25,wine vinegar,1.0101949380357416,239,14.9375,4.979166666666667,containmen
1062,Creme Chantilly,7,creme chantilly,,,,,
1063,Oat Flour,4,oat flour,,,,,
1064,Red Lentils,10,lentils,,,,,
1065,Epoisses,7,epoisses,,,,,
1066,Carnaroli Rice,4,carnaroli rice,,,,,
1067,Chai Spice Blend,6,chai spice blend,,,,,
1068,Green Beans,2,green beans,,,,,
1069,Mozzarella,7,mozzarella,,,,,
1070,Smoked Ham Hock,1,smoked ham hock,,,,,
1071,Sugar,8,sugar,,,,,
1072,Creme Fraiche,7,creme fraiche,,,,,
1073,Frank's RedHot,5,franks redhot,,,,,
1074,Scallions,2,scallions,,,,,
1075,Chioggia Beets,2,chioggia beets,,,,,
1076,Merguez,1,merguez,,,,,
1077,Papaya,3,papaya,,,,,
1078,Vanilla Bean,8,vanilla bean,,,,,
1079,Cara Cara Oranges,3,cara cara oranges,,,,,
1080,Grouper,1,grouper,,,,,
1082,Almond Paste,8,almond paste,,,,,
1083,Vanilla Bean Paste,8,vanilla bean paste,,,,,
1084,Bleu d'Auvergne,7,bleu dauvergne,,,,,
1086,Cocoa Powder,8,cocoa powder,,,,,
1087,Israeli Couscous,4,israeli couscous,,,,,
1088,Blackcurrant Jam,3,blackcurrant jam,,,,,
1089,Orange Juice,25,orange juice,1.048235751601941,248,15.5,5.166666666666667,exact_norm
1090,Honeycrisp Apples,3,honeycrisp apples,1.4370974013897575,340,21.25,7.083333333333333,containmen
1091,Whole Wheat Flour,4,wheat flour,,,,,
1092,Canned Coconut Milk,7,coconut milk,0.9552470962178978,226,14.125,4.708333333333333,exact_norm
1094,Halloumi,1,halloumi,,,,,
1095,Green Onions,2,green onions,,,,,
1096,Orange Marmalade,3,orange marmalade,,,,,
1097,Cajun Seasoning,6,cajun seasoning,,,,,
1098,Apple Cider Vinegar,25,apple cider vinegar,1.0101949380357416,239,14.9375,4.979166666666667,containmen
1099,Yellow Bell Peppers,2,bell peppers,,,,,
1100,Sorghum,4,sorghum,,,,,
1101,Baguette,4,baguette,,,,,
1102,Farina,4,farina,,,,,
1103,Boursin,7,boursin,,,,,
1104,Crayfish,1,crayfish,,,,,
1105,Lemon Juice,25,lemon juice,1.0313287233502968,244,15.25,5.083333333333333,exact_norm
1106,Cherry Tomatoes,2,cherry tomatoes,,,,,
1107,Thai Red Curry Paste,6,thai curry paste,,,,,
1108,Sea Salt,6,sea salt,,,,,
1109,San Simon,7,san simon,,,,,
1110,Baby Carrots,2,baby carrots,,,,,
1111,Cornstarch,4,cornstarch,,,,,
1112,Shaoxing Wine,25,shaoxing wine,0.9932879097840972,235,14.6875,4.895833333333333,containmen
1113,Grapes,3,grapes,,,,,
1114,Scamorza,7,scamorza,,,,,
1115,Crab,1,crab,,,,,
1116,Piave,7,piave,,,,,
1117,Snapper,1,snapper,,,,,
1118,Pretzels,4,pretzels,,,,,
1119,Italian Seasoning,6,italian seasoning,,,,,
1121,Turkey Thighs,1,turkey thighs,,,,,
1122,Tomato Puree,2,tomato puree,,,,,
1123,White Cooking Wine,25,cooking wine,0.9932879097840972,235,14.6875,4.895833333333333,containmen
1124,White Onions,2,onions,,,,,
1125,Almond Butter,10,almond butter,0.9594738532808088,227,14.1875,4.729166666666667,containmen
1126,Savoiardi,4,savoiardi,,,,,
1127,Beef Skirt Steak,1,beef skirt steak,,,,,
1128,Pineapple,3,pineapple,,,,,
1129,Colby Jack,7,colby jack,,,,,
1130,Kimchi,2,kimchi,,,,,
1131,Golden Beets,2,golden beets,,,,,
1132,Dover Sole,1,dover sole,,,,,
1133,Light Brown Sugar,8,brown sugar,,,,,
1134,Tapioca Starch,4,tapioca starch,,,,,
1135,Masa Harina,4,masa harina,,,,,
1136,Chipotle in Adobo,5,chipotle in adobo,,,,,
1137,Nonpareils,10,nonpareils,,,,,
1138,Himalayan Pink Salt,6,himalayan pink salt,,,,,
1139,Roquefort,7,roquefort,,,,,
1140,Giardiniera,2,giardiniera,,,,,
1141,Kaffir Lime Leaves,6,kaffir lime leaves,,,,,
1142,Chanterelle Mushrooms,2,chanterelle mushrooms,,,,,
1143,Garam Masala,6,garam masala,,,,,
1144,Lancashire,7,lancashire,,,,,
1145,Appenzeller,7,appenzeller,,,,,
1146,Langres,7,langres,,,,,
1147,Emmental Swiss,7,emmental swiss,,,,,
1148,Coconut Cream,3,coconut cream,1.0144216950986524,240,15,5,exact_norm
1149,Rice Noodles,4,rice noodles,,,,,
1150,Golden Syrup,4,golden syrup,,,,,
1151,Mahon,7,mahon,,,,,
1152,Yukon Gold Potatoes,2,yukon gold potatoes,,,,,
1153,Brazil Nuts,10,brazil nuts,,,,,
1154,Teff,4,teff,,,,,
1155,Canned Pumpkin,2,pumpkin,,,,,
1156,Razor Clams,1,razor clams,,,,,
1157,Whitefish,1,whitefish,,,,,
1158,Ponzu,6,ponzu,,,,,
1159,Milk Chocolate,8,milk chocolate,1.035555480413208,245,15.3125,5.104166666666667,containmen
1160,Shropshire Blue,7,shropshire blue,,,,,
1162,Beef Stock,5,beef stock,,,,,
1163,Orzo,4,orzo,,,,,
1164,Star Anise,6,star anise,,,,,
1165,Lima Beans,1,lima beans,,,,,
1166,Kidney Beans,1,kidney beans,,,,,
1167,Raclette,7,raclette,,,,,
1168,Green Bell Peppers,2,green bell peppers,,,,,
1169,Sea Bass,1,sea bass,,,,,
1170,Mini Sweet Peppers,2,mini sweet peppers,,,,,
1171,Artichoke Hearts,2,artichoke hearts,,,,,
1172,Taco Seasoning,6,taco seasoning,,,,,
1173,Molasses Powder,6,molasses powder,1.4370974013897575,340,21.25,7.083333333333333,containmen
1174,Anjou Pears,3,anjou pears,,,,,
1175,Buttermilk,7,buttermilk,1.035555480413208,245,15.3125,5.104166666666667,exact_norm
1176,Beef Shank,1,beef shank,,,,,
1177,Gemelli,4,gemelli,,,,,
1178,Lemon Zest,3,lemon zest,,,,,
1179,Ditalini,4,ditalini,,,,,
1181,Glucose Syrup,8,glucose syrup,,,,,
1182,Lard,9,lard,,,,,
1183,Almonds,10,almonds,,,,,
1184,Napa Cabbage,2,napa cabbage,,,,,
1185,Coconut Aminos,6,coconut aminos,,,,,
1186,Quince,3,quince,,,,,
1187,Parmigiano-Reggiano,7,parmigiano reggiano,,,,,
1188,Enoki Mushrooms,2,enoki mushrooms,,,,,
1189,Soba Noodles,4,soba noodles,,,,,
1190,White Miso Paste,6,miso paste,,,,,
1191,Wonton Wrappers,4,wonton wrappers,,,,,
1192,Anchovy Paste,6,anchovy paste,,,,,
1193,Tuscan Kale,2,tuscan kale,,,,,
1194,Chestnut Flour,4,chestnut flour,,,,,
1195,Tikka Masala Paste,6,tikka masala paste,,,,,
1196,Nduja,1,nduja,,,,,
1197,Quick Oats,4,quick oats,,,,,
1198,Yellow Squash,2,squash,,,,,
1199,Salsa,5,salsa,,,,,
1200,Corn Tortillas,4,corn tortillas,,,,,
1201,Gruyere,7,gruyere,,,,,
1202,Ground Ginger,6,ground ginger,,,,,
1203,Garlic Confit,6,garlic confit,,,,,
1204,Allspice,6,allspice,,,,,
1205,Chicken Tenderloins,1,chicken tenderloins,,,,,
1206,Powdered Sugar,8,powdered sugar,,,,,
1208,Cornmeal,4,cornmeal,,,,,
1209,Mung Bean Sprouts,2,mung bean sprouts,,,,,
1210,Turkey Bacon,1,turkey bacon,,,,,
1211,Kiwi,3,kiwi,,,,,
1212,Coconut Sugar,8,coconut sugar,,,,,
1213,Vegetable Oil,9,vegetable oil,0.9214330397146094,218,13.625,4.541666666666667,exact_norm
1214,Grilled Corn,2,grilled corn,,,,,
1215,Ketchup,12,ketchup,1.0566892657277631,250,15.625,5.208333333333333,exact_norm
1216,Mini Chocolate Chips,8,mini chocolate chips,,,,,
1217,Szechuan Peppercorns,6,szechuan peppercorns,,,,,
1218,Ancho Chili,2,ancho chili,,,,,
1219,Gravlax,1,gravlax,,,,,
1220,Cloves,6,cloves,,,,,
1221,Fresh Mozzarella,7,mozzarella,,,,,
1222,Cornish Hen,1,cornish hen,,,,,
1223,Pecorino Romano,7,pecorino romano,,,,,
1224,Peanut Butter,4,peanut butter,1.0905033222310514,258,16.125,5.375,exact_norm
1225,Watercress,2,watercress,1,236.588,14.78675,4.928916666666667,containmen
1226,Ricotta Impastata,7,ricotta impastata,,,,,
1227,Bulgur,4,bulgur,,,,,
1228,Pepper Jack,7,pepper jack,,,,,
1229,Key Limes,3,key limes,,,,,
1230,Rhubarb,3,rhubarb,,,,,
1231,Idiazabal,7,idiazabal,,,,,
1232,Paccheri,4,paccheri,,,,,
1233,Coconut Water,3,coconut water,1,236.588,14.78675,4.928916666666667,containmen
1234,Morbier,7,morbier,,,,,
1235,Red Pepper Flakes,6,pepper flakes,,,,,
1236,Dubliner,7,dubliner,,,,,
1237,Oat Bran,4,oat bran,,,,,
1238,Iceberg Lettuce,2,iceberg lettuce,,,,,
1239,Frankfurters,1,frankfurters,,,,,
1240,Herb Paste,6,herb paste,,,,,
1242,Aioli,5,aioli,,,,,
1243,Quark,7,quark,,,,,
1244,Bucatini,4,bucatini,,,,,
1245,Breadsticks,4,breadsticks,,,,,
1246,Beef Liver,1,beef liver,,,,,
1247,Asiago d'Allevo,7,asiago dallevo,,,,,
1248,Bosc Pears,3,bosc pears,,,,,
1249,Star Fruit,3,star fruit,,,,,
1250,Pancake Mix,8,pancake mix,,,,,
1251,Saint-Felicien,7,saint felicien,,,,,
1252,Bread Flour,4,bread flour,,,,,
1253,Breadcrumbs Italian,4,breadcrumbs italian,,,,,
1254,Oyster Sauce,5,oyster sauce,,,,,
1255,Taro,2,taro,,,,,
1256,Cacao Powder,8,cacao powder,,,,,
1257,Hemp Seeds,4,hemp seeds,,,,,
1258,Tamari,6,tamari,,,,,
1259,Red Beets,2,beets,,,,,
1260,Fromage Blanc,7,fromage blanc,,,,,
1261,Sweet Corn Kernels,2,sweet corn kernels,,,,,
1262,Manouri,7,manouri,,,,,
1263,Brown Rice,4,brown rice,,,,,
1264,Palm Sugar,8,palm sugar,,,,,
1265,Half-and-Half,7,half and half,,,,,
1266,Sansho Pepper,6,sansho pepper,,,,,
1267,Candied Lemon Peel,3,candied lemon peel,,,,,
1268,Instant Yeast,8,instant yeast,,,,,
1269,Lemon Extract,8,lemon extract,,,,,
1270,Poblano Peppers,2,poblano peppers,,,,,
1271,Horseradish Root,2,horseradish root,,,,,
1272,Whole Milk Powder,7,milk powder,1.035555480413208,245,15.3125,5.104166666666667,containmen
1273,Chili Oil,9,chili oil,,,,,
1274,Corn Flakes,4,corn flakes,,,,,
1275,Fontina,7,fontina,,,,,
1276,Condensed Milk,7,condensed milk,1.035555480413208,245,15.3125,5.104166666666667,containmen
2809,Achiote Oil,9,achiote oil,,,,,
2810,Achiote Paste,6,achiote paste,,,,,
2811,Adzuki Beans,10,adzuki beans,,,,,
2812,Aji Amarillo Paste,6,aji amarillo paste,,,,,
2813,Aji Panca Paste,6,aji panca paste,,,,,
2814,Ajvar,6,ajvar,,,,,
2816,Amaranth Grain,4,amaranth grain,,,,,
2817,Amaranth Greens,2,amaranth greens,,,,,
2818,Amchoor Powder,6,amchoor powder,,,,,
2819,Ancho Chile Powder,6,ancho chile powder,,,,,
2823,Annatto Seeds,6,annatto seeds,,,,,
2825,Arbol Chiles,2,arbol chiles,,,,,
2826,Arrowroot Starch,8,arrowroot starch,,,,,
2827,Asafoetida,6,asafoetida,,,,,
2830,Baharat,6,baharat,,,,,
2831,Banana Shallots,2,banana shallots,,,,,
2832,Barbecue Sauce,6,barbecue sauce,,,,,
2833,Barberries,3,barberries,,,,,
2835,Beech Mushrooms,2,beech mushrooms,,,,,
2836,Beef Bacon,1,beef bacon,,,,,
2837,Beef Brisket,1,beef brisket,,,,,
2840,Beet Greens,2,beet greens,,,,,
2841,Belacan,6,belacan,,,,,
2842,Belgian Endive,2,belgian endive,,,,,
2843,Beluga Lentils,10,beluga lentils,,,,,
2845,Bergamot,3,bergamot,,,,,
2846,Bigoli,4,bigoli,,,,,
2848,Black Bean Garlic Sauce,5,black bean garlic sauce,,,,,
2849,Black Cumin Seeds,6,black cumin seeds,,,,,
2850,Black Pudding,1,black pudding,,,,,
2851,Black Rice,4,black rice,,,,,
2852,Black Salsify,2,black salsify,,,,,
2854,Black Vinegar,25,black vinegar,1.0101949380357416,239,14.9375,4.979166666666667,containmen
2856,Blackcurrants,3,blackcurrants,,,,,
2859,Blood Sausage,1,blood sausage,,,,,
2860,Blue Crab,1,blue crab,,,,,
2861,Bonito Flakes,6,bonito flakes,,,,,
2864,Branzino,1,branzino,,,,,
2868,Brown Butter,6,brown butter,0.9594738532808088,227,14.1875,4.729166666666667,containmen
2870,Buckwheat Groats,4,buckwheat groats,,,,,
2871,Bulgur Wheat Coarse,4,bulgur wheat coarse,,,,,
2872,Bulgur Wheat Fine,4,bulgur wheat fine,,,,,
2873,Burdock Root,2,burdock root,,,,,
2875,Buttermilk Powder,7,buttermilk powder,0.9594738532808088,227,14.1875,4.729166666666667,containmen
2880,Calabrian Chiles,2,calabrian chiles,,,,,
2881,Calabrian Chili Paste,6,calabrian chili paste,,,,,
2882,Calamansi,3,calamansi,,,,,
2883,Calamarata,4,calamarata,,,,,
2884,Campari Tomatoes,2,campari tomatoes,,,,,
2885,Cane Syrup,5,cane syrup,,,,,
2886,Cannellini Beans Dried,10,cannellini beans dried,,,,,
2887,Caperberries,10,caperberries,,,,,
2888,Cara Cara Orange,3,cara cara orange,,,,,
2892,Castelfranco Radicchio,2,castelfranco radicchio,,,,,
2896,Celery Seeds,6,celery seeds,,,,,
2899,Cheshire,7,cheshire,,,,,
2905,Chicory,2,chicory,,,,,
2907,Chinese Broccoli,2,chinese broccoli,,,,,
2909,Chorizo Espaol,1,chorizo espaol,,,,,
2910,Chorizo Mexicano,1,chorizo mexicano,,,,,
2911,Choy Sum,2,choy sum,,,,,
2913,Clementine,3,clementine,,,,,
2914,Clotted Cream,7,clotted cream,,,,,
2917,Cocktail Sauce,5,cocktail sauce,,,,,
2923,Confectioners Sugar,8,confectioners sugar,,,,,
2925,Cornichons,2,cornichons,,,,,
2927,Country Ham,1,country ham,,,,,
2928,Couscous Israeli,4,couscous israeli,,,,,
2929,Couscous Moroccan,4,couscous moroccan,,,,,
2930,Cranberries Dried,3,cranberries dried,,,,,
2933,Curry Leaves,6,curry leaves,,,,,
2936,Dandelion Greens,2,dandelion greens,,,,,
2938,Date Syrup,5,date syrup,,,,,
2939,Deglet Noor Dates,3,deglet noor dates,,,,,
2941,Digestive Biscuits,4,digestive biscuits,,,,,
2945,Dolcelatte,7,dolcelatte,,,,,
2951,Duck Bacon,1,duck bacon,,,,,
2954,Duck Liver,1,duck liver,,,,,
2955,Dukkah,6,dukkah,,,,,
2956,Dungeness Crab,1,dungeness crab,,,,,
2957,Dutch-Process Cocoa,8,dutch process cocoa,,,,,
2958,Egg Noodles Wide,4,egg noodles wide,,,,,
2960,English Mustard,12,english mustard,1.0566892657277631,250,15.625,5.208333333333333,containmen
2963,Escargot,1,escargot,,,,,
2966,Faisselle,7,faisselle,,,,,
2968,Farik,4,farik,,,,,
2969,Feijoa,3,feijoa,,,,,
2970,Fenugreek Seeds,6,fenugreek seeds,,,,,
2971,Fiddlehead Ferns,2,fiddlehead ferns,,,,,
2972,Finger Limes,3,finger limes,,,,,
2974,Fish Sauce Premium,5,fish sauce premium,1.065142779853585,252,15.75,5.25,containmen
2975,Flageolet Beans,10,flageolet beans,,,,,
2977,Fleur de Sel,6,fleur de sel,,,,,
2979,Fontal,7,fontal,,,,,
2981,Fregola Sarda,4,fregola sarda,,,,,
2982,Fresh Breadcrumbs,4,breadcrumbs,,,,,
2987,Furikake,6,furikake,,,,,
2988,Fusilli Bucati,4,fusilli bucati,,,,,
2989,Galangal Paste,6,galangal paste,,,,,
2991,Garlic Powder Roasted,6,garlic powder roasted,,,,,
2993,Garrotxa,7,garrotxa,,,,,
2995,Ghee,9,ghee,0.9510203391549868,225,14.0625,4.6875,exact_norm
2998,Gnocchetti Sardi,4,gnocchetti sardi,,,,,
2999,Gnocchi di Ricotta,4,gnocchi di ricotta,,,,,
3000,Goat Cheese Log,7,goat cheese log,,,,,
3001,Goat Shoulder,1,goat shoulder,,,,,
3002,Gochujang Paste,6,gochujang paste,,,,,
3006,Gorgonzola Piccante,7,gorgonzola piccante,,,,,
3008,Grains of Paradise,4,grains of paradise,,,,,
3013,Greek Seasoning,6,seasoning,,,,,
3015,Green Curry Paste,6,green curry paste,,,,,
3016,Green Papaya,2,green papaya,,,,,
3018,Green Split Peas,10,green split peas,,,,,
3020,Guajillo Chiles,2,guajillo chiles,,,,,
3021,Guar Gum,8,guar gum,,,,,
3022,Guinea Fowl,1,guinea fowl,,,,,
3026,Halloumi Slicing,7,halloumi slicing,,,,,
3028,Hazelnut Oil,9,hazelnut oil,,,,,
3029,Head Cheese,1,head cheese,,,,,
3032,Hoisin Sauce Premium,5,hoisin sauce premium,,,,,
3033,Hominy Grits,4,hominy grits,,,,,
3034,Huckleberries,3,huckleberries,,,,,
3035,Huitlacoche,2,huitlacoche,,,,,
3036,Hulled Barley,4,hulled barley,,,,,
3037,Hungarian Paprika Sweet,6,hungarian paprika sweet,,,,,
3038,Icing Sugar,8,icing sugar,,,,,
3040,Imitation Crab,1,imitation crab,,,,,
3041,Indian Eggplant,2,indian eggplant,,,,,
3045,Jerusalem Artichokes,2,jerusalem artichokes,,,,,
3046,Jicama,2,jicama,,,,,
3047,Kamut Berries,4,kamut berries,,,,,
3048,Kasuri Methi,11,kasuri methi,,,,,
3049,Kataifi Pastry,4,kataifi pastry,,,,,
3050,Katsuobushi Flakes,6,katsuobushi flakes,,,,,
3051,Kecap Manis,6,kecap manis,,,,,
3055,Key Lime,3,key lime,,,,,
3058,King Trumpet Mushrooms,2,king trumpet mushrooms,,,,,
3060,Komatsuna,2,komatsuna,,,,,
3061,Kombu Dashi,5,kombu dashi,,,,,
3062,Kumquat,3,kumquat,,,,,
3063,Labneh,7,labneh,,,,,
3065,Laksa Paste,6,laksa paste,,,,,
3069,Langoustines,1,langoustines,,,,,
3071,Leek Greens,2,leek greens,,,,,
3072,Lemongrass Paste,6,lemongrass paste,,,,,
3075,Liquid Aminos,6,liquid aminos,,,,,
3076,Liverwurst,1,liverwurst,,,,,
3077,Lobster Tails,1,lobster tails,,,,,
3080,Lupini Beans,10,lupini beans,,,,,
3084,Mahn,7,mahn,,,,,
3086,Malabar Spinach,2,malabar spinach,,,,,
3087,Maldon Sea Salt,6,maldon sea salt,,,,,
3089,Manchego Curado,7,manchego curado,,,,,
3090,Mandarin Orange,3,mandarin orange,,,,,
3091,Maple Sugar,6,maple sugar,,,,,
3092,Marionberries,3,marionberries,,,,,
3095,Matzo Meal,4,matzo meal,,,,,
3096,Medjool Dates,3,medjool dates,,,,,
3098,Meyer Lemon,3,meyer lemon,,,,,
3099,Mezze Maniche,4,mezze maniche,,,,,
3100,Milk Powder,7,milk powder,1.035555480413208,245,15.3125,5.104166666666667,containmen
3101,Millet Grain,4,millet grain,,,,,
3103,Miso Paste Red,6,miso paste,,,,,
3104,Miso Paste White,6,miso paste,,,,,
3105,Mizuna,2,mizuna,,,,,
3106,Mojo Sauce,5,mojo sauce,,,,,
3107,Mole Negro Paste,6,mole negro paste,,,,,
3109,Moong Dal,4,moong dal,,,,,
3112,Morello Cherries,3,morello cherries,,,,,
3114,Mulato Chiles,2,mulato chiles,,,,,
3117,Muscovado Sugar,8,muscovado sugar,,,,,
3119,Mustard Greens,2,mustard greens,1.0566892657277631,250,15.625,5.208333333333333,containmen
3120,Mustard Seeds Brown,6,mustard seeds brown,1.0566892657277631,250,15.625,5.208333333333333,containmen
3121,Mustard Seeds Yellow,6,mustard seeds,1.0566892657277631,250,15.625,5.208333333333333,containmen
3123,Natural Cocoa Powder,8,natural cocoa powder,,,,,
3128,Nopales,2,nopales,,,,,
3130,Okra Pods,2,okra pods,,,,,
3132,Onion Powder Toasted,6,onion powder toasted,,,,,
3134,Orzo Pasta,4,orzo pasta,,,,,
3135,Ossau Iraty,7,ossau iraty,,,,,
3139,Oyster Sauce Premium,5,oyster sauce premium,,,,,
3142,Paneer Cheese,7,paneer cheese,,,,,
3143,Paneer Tofu,1,paneer tofu,,,,,
3146,Partridge,1,partridge,,,,,
3147,Pasilla Chili,2,pasilla chili,,,,,
3150,Pawpaw,3,pawpaw,,,,,
3151,Pea Shoots,2,pea shoots,,,,,
3152,Pearled Barley,4,pearled barley,,,,,
3153,Peri Peri Powder,6,peri peri powder,,,,,
3154,Peri Peri Sauce,5,peri peri sauce,,,,,
3156,Pesto Genovese,5,pesto genovese,,,,,
3157,Pesto Rosso,5,pesto rosso,,,,,
3160,Physalis,3,physalis,,,,,
3162,Pickled Ginger,6,pickled ginger,,,,,
3165,Pickled Red Onions,2,pickled onions,,,,,
3166,Pigeon Peas,2,pigeon peas,,,,,
3167,Pink Peppercorns,6,pink peppercorns,,,,,
3168,Pipe Rigate,4,pipe rigate,,,,,
3170,Polenta Bramata,4,polenta bramata,,,,,
3172,Pomelo,3,pomelo,,,,,
3173,Ponzu Sauce,5,ponzu sauce,,,,,
3178,Potato Gnocchi Shelf-Stable,4,potato gnocchi shelf stable,,,,,
3180,Prepared Horseradish,12,prepared horseradish,,,,,
3181,Prickly Pear,3,prickly pear,,,,,
3183,Provolone Piccante,7,provolone piccante,,,,,
3184,Prune Plums,3,prune plums,,,,,
3185,Pumpkin Seed Oil,9,pumpkin seed oil,,,,,
3186,Purslane,2,purslane,,,,,
3187,Puy Lentils,10,puy lentils,,,,,
3190,Quetsche Plums,3,quetsche plums,,,,,
3194,Radiatori,4,radiatori,,,,,
3195,Rainier Cherries,3,rainier cherries,,,,,
3202,Red Curry Paste,6,curry paste,,,,,
3205,Red Rice,4,rice,1.0101949380357416,239,14.9375,4.979166666666667,containmen
3206,Red Snapper,1,snapper,,,,,
3209,Rice Paper Wrappers,4,rice paper wrappers,,,,,
3210,Rice Vermicelli,4,rice vermicelli,,,,,
3211,Rice Wine Vinegar Seasoned,25,rice wine vinegar seasoned,1.0101949380357416,239,14.9375,4.979166666666667,containmen
3214,Rogan Josh Paste,6,rogan josh paste,,,,,
3219,Ruby Red Grapefruit,3,ruby grapefruit,,,,,
3220,Rye Berries,4,rye berries,,,,,
3221,Rye Flour,4,rye flour,,,,,
3222,Salsa Macha,6,salsa macha,,,,,
3224,Salsify,2,salsify,,,,,
3225,Salt Cod,1,salt cod,,,,,
3226,Salt Pork,1,salt pork,,,,,
3228,Samphire,2,samphire,,,,,
3230,Satsuma,3,satsuma,,,,,
3235,Sea Asparagus,2,sea asparagus,,,,,
3240,Serviceberries,3,serviceberries,,,,,
3241,Seville Orange,3,seville orange,,,,,
3242,Sheep Milk Yogurt,7,sheep milk yogurt,1.035555480413208,245,15.3125,5.104166666666667,containmen
3243,Sherry Vinegar Reserva,25,sherry vinegar reserva,1.0101949380357416,239,14.9375,4.979166666666667,containmen
3245,Shimeji Mushrooms,2,shimeji mushrooms,,,,,
3247,Sichuan Peppercorns,6,sichuan peppercorns,,,,,
3254,Snow Pea Shoots,2,snow pea shoots,,,,,
3256,Sofrito,5,sofrito,,,,,
3257,Soft-Shell Crab,1,soft shell crab,,,,,
3259,Sorghum Grain,4,sorghum grain,,,,,
3260,Sorrel,2,sorrel,,,,,
3261,Sour Cherries,3,sour cherries,,,,,
3262,Spanish Paprika,6,spanish paprika,,,,,
3264,Spelt Berries,4,spelt berries,,,,,
3269,Ssamjang,6,ssamjang,,,,,
3273,Stone-Ground Grits,4,stone ground grits,,,,,
3274,Stracciatella Cheese,7,stracciatella cheese,,,,,
3279,Sweet Potato Noodles,4,sweet potato noodles,,,,,
3280,Sweetened Condensed Milk,7,sweetened condensed milk,1.035555480413208,245,15.3125,5.104166666666667,containmen
3283,Tamarind Paste,6,tamarind paste,,,,,
3284,Tandoori Paste,6,tandoori paste,,,,,
3285,Tangelo,3,tangelo,,,,,
3289,Tatsoi,2,tatsoi,,,,,
3290,Tayberries,3,tayberries,,,,,
3291,Teff Grain,4,teff grain,,,,,
3292,Tempeh,1,tempeh,,,,,
3297,Tom Yum Paste,6,tom yum paste,,,,,
3298,Tomatillo Husk,2,tomatillo husk,,,,,
3299,Tomato Paste Sun-Dried,2,tomato paste sun dried,1.141224406985984,270,16.875,5.625,containmen
3301,Toor Dal,4,toor dal,,,,,
3302,Toum,6,toum,,,,,
3303,Treacle,4,treacle,,,,,
3304,Treviso Radicchio,2,treviso radicchio,,,,,
3307,Turbinado Sugar,8,turbinado sugar,,,,,
3313,Turnip Greens,2,turnip greens,,,,,
3316,Urad Dal,10,urad dal,,,,,
3320,Vongole,1,vongole,,,,,
3321,Walnut Oil,9,walnut oil,,,,,
3322,Wasabi Paste,6,wasabi paste,,,,,
3323,Water Spinach,2,water spinach,1,236.588,14.78675,4.928916666666667,containmen
3326,Wheat Berries,4,wheat berries,,,,,
3327,White Balsamic Vinegar,25,balsamic vinegar,1.0101949380357416,239,14.9375,4.979166666666667,containmen
3328,White Currants,3,currants,,,,,
3329,White Peppercorns,6,peppercorns,,,,,
3330,Whole Grain Mustard,12,grain mustard,1.0566892657277631,250,15.625,5.208333333333333,containmen
3333,Xanthan Gum,4,xanthan gum,,,,,
3335,Yellow Curry Paste,6,curry paste,,,,,
3337,Yellow Split Peas,10,split peas,,,,,
3338,Yufka,4,yufka,,,,,
3341,Zaatar,6,zaatar,,,,,
3342,Zhoug,6,zhoug,,,,,
3877,Ginger,4,ginger,,,,,
3878,peas,2,peas,,,,,
3879,chili peppers,2,chili peppers,,,,,
3880,Sazon Goya,6,sazon goya,,,,,
3881,Cilantro,11,cilantro,,,,,
3882,Adobo,6,adobo,,,,,
3883,White Wine,25,wine,0.9932879097840972,235,14.6875,4.895833333333333,exact_norm
3884,Vin Santo,25,vin santo,,,,,
3885,Sherry,25,sherry,,,,,
3886,Red Wine,25,wine,0.9932879097840972,235,14.6875,4.895833333333333,exact_norm
3887,Pimento,2,pimento,,,,,
3888,green chili pepper,2,green chili pepper,,,,,
3889,ground sirloin,1,ground sirloin,,,,,
3890,Parsley,11,parsley,,,,,
3891,Nutmeg,6,nutmeg,,,,,
3892,Cumin Seeds,6,cumin seeds,,,,,
3893,Tumeric Powder,6,tumeric powder,,,,,
3894,Coriander Powder,6,coriander powder,,,,,
3895,Chili Powder,6,chili powder,,,,,
3897,Cardamom Pods,6,cardamom pods,,,,,
3898,Water,9,water,1,236.588,14.78675,4.928916666666667,exact_norm
3900,Worshestire Sauce,12,worshestire sauce,,,,,
3901,Smoked Gouda,7,smoked gouda,,,,,
3902,Ground Venison,1,ground venison,,,,,
3903,beetroot,2,beetroot,,,,,
3904,bay leaf,11,bay leaf,,,,,
3905,Cinnamon Stick,6,cinnamon stick,,,,,
3906,Refried Beans,10,refried beans,,,,,
3907,Injera,4,injera,,,,,
3909,Korean Pancake Mix,4,korean pancake mix,,,,,
3910,schmaltz,9,schmaltz,,,,,
3912,Roasting Chicken,1,roasting chicken,,,,,
3913,Habanero Pepper,2,habanero pepper,,,,,
3916,Flour Tortillas,4,flour tortillas,,,,,
3917,Cotija Cheese,7,cotija cheese,,,,,
3918,Sea Scallops,1,sea scallops,,,,,
3919,datterini tomatoes,2,datterini tomatoes,,,,,
3920,seafood stock,5,seafood stock,,,,,
3921,lingonberry jam,3,lingonberry jam,,,,,
3925,fennel,2,fennel,,,,,